date,name,rank
2024-06-05,네이즈,
2024-06-05,바빠요바쁘다고,
2024-06-05,이드발딱개,
2024-06-05,상왕토끼,
2024-06-05,모노타입인간,
2024-06-05,털썩마,
2024-06-05,티엘로운,3등
2024-06-05,맛있는맛,2등
2024-06-05,하얀리치,1등
2024-06-04,털썩마,
2024-06-04,이드발딱개,
2024-06-04,티엘로운,
2024-06-04,맛있는맛,3등
2024-06-04,하얀리치,2등
2024-06-04,바빠요바쁘다고,1등
2024-06-03,상왕토끼,
2024-06-03,티엘로운,
2024-06-03,바빠요바쁘다고,
2024-06-03,하얀리치,
2024-06-03,맛있는맛,
2024-06-03,이드발딱개,3등
2024-06-03,모노타입인간,2등
2024-06-03,털썩마,1등
2024-06-02,모노타입인간,
2024-06-02,하얀리치,
2024-06-02,이드발딱개,3등
2024-06-02,바빠요바쁘다고,2등
2024-06-02,털썩마,1등
2024-06-01,모노타입인간,
2024-06-01,바빠요바쁘다고,
2024-06-01,티엘로운,
2024-06-01,하얀리치,3등
2024-06-01,맛있는맛,2등
2024-06-01,털썩마,1등
2024-05-31,하얀리치,
2024-05-31,이드발딱개,
2024-05-31,kkugi,
2024-05-31,규타로,
2024-05-31,모노타입인간,3등
2024-05-31,바빠요바쁘다고,2등
2024-05-31,털썩마,1등
2024-05-30,이드발딱개,
2024-05-30,바빠요바쁘다고,
2024-05-30,하얀리치,
2024-05-30,맛있는맛,3등
2024-05-30,티엘로운,2등
2024-05-30,털썩마,1등
2024-05-29,이드발딱개,
2024-05-29,모노타입인간,
2024-05-29,맛있는맛,
2024-05-29,티엘로운,
2024-05-29,바빠요바쁘다고,
2024-05-29,규타로,3등
2024-05-29,하얀리치,2등
2024-05-29,털썩마,1등
2024-05-28,빙하,
2024-05-28,규타로,
2024-05-28,털썩마,
2024-05-28,하얀리치,3등
2024-05-28,모노타입인간,2등
2024-05-28,바빠요바쁘다고,1등
2024-05-27,규타로,
2024-05-27,하얀리치,
2024-05-27,모노타입인간,3등
2024-05-27,바빠요바쁘다고,2등
2024-05-27,털썩마,1등
2024-05-26,모노타입인간,
2024-05-26,맛있는맛,
2024-05-26,티엘로운,
2024-05-26,하얀리치,
2024-05-26,바빠요바쁘다고,
2024-05-26,매화,3등
2024-05-26,규타로,2등
2024-05-26,털썩마,1등
2024-05-25,빙하,
2024-05-25,규타로,
2024-05-25,바빠요바쁘다고,
2024-05-25,하얀리치,
2024-05-25,모노타입인간,
2024-05-25,티엘로운,3등
2024-05-25,맛있는맛,2등
2024-05-25,털썩마,1등
2024-05-24,티엘로운,
2024-05-24,하얀리치,
2024-05-24,맛있는맛,
2024-05-24,매화,
2024-05-24,바빠요바쁘다고,3등
2024-05-24,털썩마,2등
2024-05-24,빙하,1등
2024-05-23,모노타입인간,
2024-05-23,하얀리치,
2024-05-23,맛있는맛,
2024-05-23,티엘로운,
2024-05-23,이드발딱개,
2024-05-23,매화,3등
2024-05-23,바빠요바쁘다고,2등
2024-05-23,털썩마,1등
2024-05-22,빙하,
2024-05-22,티엘로운,
2024-05-22,매화,
2024-05-22,규타로,
2024-05-22,하얀리치,3등
2024-05-22,바빠요바쁘다고,2등
2024-05-22,털썩마,1등
2024-05-21,모노타입인간,
2024-05-21,쵸요링,
2024-05-21,티엘로운,
2024-05-21,하얀리치,
2024-05-21,맛있는맛,3등
2024-05-21,바빠요바쁘다고,2등
2024-05-21,털썩마,1등
2024-05-20,규타로,
2024-05-20,맛있는맛,
2024-05-20,티엘로운,
2024-05-20,이드발딱개,
2024-05-20,하얀리치,
2024-05-20,빙하,
2024-05-20,매든명기,3등
2024-05-20,바빠요바쁘다고,2등
2024-05-20,털썩마,1등
2024-05-19,나는탈주다,
2024-05-19,흡혈귀족,
2024-05-19,빙하,
2024-05-19,빙하,
2024-05-19,빙하,
2024-05-19,하얀리치,
2024-05-19,규타로,
2024-05-19,티엘로운,
2024-05-19,모노타입인간,
2024-05-19,요우치카,
2024-05-19,kkugi,
2024-05-19,맛있는맛,3등
2024-05-19,털썩마,2등
2024-05-19,바빠요바쁘다고,1등
2024-05-18,이드발딱개,
2024-05-18,하얀리치,
2024-05-18,규타로,
2024-05-18,비둘기김밥,
2024-05-18,티엘로운,
2024-05-18,매화,
2024-05-18,빙하,
2024-05-18,털썩마,3등
2024-05-18,맛있는맛,2등
2024-05-18,바빠요바쁘다고,1등
2024-05-17,모노타입인간,
2024-05-17,맛있는맛,
2024-05-17,빙하,
2024-05-17,이드발딱개,
2024-05-17,규타로,
2024-05-17,비둘기김밥,
2024-05-17,매화,
2024-05-17,삵이꾼 뜬,
2024-05-17,하얀리치,3등
2024-05-17,바빠요바쁘다고,2등
2024-05-17,털썩마,1등
2024-05-16,규타로,
2024-05-16,정정서,
2024-05-16,맛있는맛,
2024-05-16,비둘기김밥,
2024-05-16,빙하,
2024-05-16,매화,
2024-05-16,하얀리치,
2024-05-16,쵸요링,3등
2024-05-16,털썩마,2등
2024-05-16,바빠요바쁘다고,1등
2024-05-15,바빠요바쁘다고,
2024-05-15,규타로,
2024-05-15,매화,
2024-05-15,이드발딱개,
2024-05-15,하얀리치,
2024-05-15,맛있는맛,
2024-05-15,삵이꾼 뜬,3등
2024-05-15,쵸요링,2등
2024-05-15,털썩마,1등
2024-05-14,털썩마,2등
2024-05-14,하얀리치,1등
2024-05-13,하얀리치,3등
2024-05-13,규타로,2등
2024-05-13,털썩마,1등
2024-05-12,규타로,3등
2024-05-12,하얀리치,2등
2024-05-12,털썩마,1등
2024-05-11,하얀리치,
2024-05-11,매화,3등
2024-05-11,규타로,2등
2024-05-11,털썩마,1등
2024-05-10,규타로,3등
2024-05-10,털썩마,2등
2024-05-10,매화,1등
2024-05-09,규타로,
2024-05-09,하얀리치,
2024-05-09,쵸요링,3등
2024-05-09,매화,2등
2024-05-09,털썩마,1등
2024-05-08,규타로,
2024-05-08,삵이꾼 뜬,
2024-05-08,매화,3등
2024-05-08,하얀리치,2등
2024-05-08,털썩마,1등
2024-05-07,쵸요링,
2024-05-07,하얀리치,
2024-05-07,매화,
2024-05-07,삵이꾼 뜬,3등
2024-05-07,dongha0312,2등
2024-05-07,털썩마,1등
2024-05-06,규타로,
2024-05-06,하얀리치,3등
2024-05-06,매화,2등
2024-05-06,털썩마,1등
2024-05-05,하얀리치,
2024-05-05,리네샤,
2024-05-05,매화,3등
2024-05-05,털썩마,2등
2024-05-05,규타로,1등
2024-05-04,규타로,
2024-05-04,하얀리치,
2024-05-04,매든명기,
2024-05-04,매화,3등
2024-05-04,털썩마,2등
2024-05-04,리네샤,1등
2024-05-03,물개,
2024-05-03,털썩마,
2024-05-03,쵸요링,
2024-05-03,매화,
2024-05-03,하얀리치,3등
2024-05-03,규타로,2등
2024-05-03,삵이꾼 뜬,1등
2024-05-02,하얀리치,
2024-05-02,털썩마,3등
2024-05-02,규타로,2등
2024-05-02,매화,1등
2024-05-01,나는탈주다,
2024-05-01,리네샤,
2024-05-01,하얀리치,
2024-05-01,에리두,
2024-05-01,물개,
2024-05-01,dongha0312,
2024-05-01,규타로,
2024-05-01,삵이꾼 뜬,
2024-05-01,쵸요링,3등
2024-05-01,매화,2등
2024-05-01,털썩마,1등
2024-04-30,리네샤,
2024-04-30,매든명기,
2024-04-30,흡혈귀족,3등
2024-04-30,털썩마,2등
2024-04-30,매화,1등
2024-04-29,털썩마,
2024-04-29,매화,3등
2024-04-29,빙하,2등
2024-04-29,리네샤,1등
2024-04-28,털썩마,
2024-04-28,삵이꾼 뜬,
2024-04-28,로레로레로,3등
2024-04-28,탐정킁킁,2등
2024-04-28,매화,1등
2024-04-27,삵이꾼 뜬,
2024-04-27,털썩마,
2024-04-27,쵸요링,
2024-04-27,매화,3등
2024-04-27,리피디,2등
2024-04-27,리네샤,1등
2024-04-26,매화,1등
2024-04-25,씨유알바생,
2024-04-25,프라조립하는개돼지,3등
2024-04-25,털썩마,2등
2024-04-25,매화,1등
2024-04-24,dongha0312,
2024-04-24,털썩마,
2024-04-24,리네샤,
2024-04-24,nad,
2024-04-24,삵이꾼 뜬,
2024-04-24,흡혈귀족,
2024-04-24,dongha0312,3등
2024-04-24,푸른하늘의작은참새,2등
2024-04-24,매화,1등
